{"cameraMode":{"drawMode":0,"name":"Shaded","section":"Shading Mode"},"sceneLighting":true,"audioPlay":false,"sceneViewState":{"showFog":true,"showMaterialUpdate":false,"showSkybox":true,"showFlares":true,"showImageEffects":true,"showParticleSystems":true},"in2DMode":false,"pivot":{"x":10.442536354064942,"y":-2.5601558685302736,"z":87.23045349121094},"rotation":{"x":0.17067986726760865,"y":0.7274428009986877,"z":-0.1954769492149353,"w":0.635263204574585},"size":117.26748657226563,"orthographic":true}