{"cameraMode":{"drawMode":0,"name":"Shaded","section":"Shading Mode"},"sceneLighting":false,"audioPlay":false,"sceneViewState":{"showFog":true,"showMaterialUpdate":false,"showSkybox":false,"showFlares":true,"showImageEffects":true,"showParticleSystems":true},"in2DMode":false,"pivot":{"x":-12.759944915771485,"y":19.750459671020509,"z":65.00406646728516},"rotation":{"x":-0.010523591190576554,"y":0.9878529906272888,"z":-0.07721047103404999,"w":-0.13483206927776338},"size":9.393089294433594,"orthographic":true}