{"cameraMode":{"drawMode":0,"name":"Shaded","section":"Shading Mode"},"sceneLighting":true,"audioPlay":false,"sceneViewState":{"showFog":true,"showMaterialUpdate":false,"showSkybox":true,"showFlares":true,"showImageEffects":true,"showParticleSystems":true},"in2DMode":false,"pivot":{"x":-99.29676055908203,"y":18.07892608642578,"z":83.4426040649414},"rotation":{"x":0.1950184404850006,"y":0.649664580821991,"z":-0.17771825194358827,"w":0.7130185961723328},"size":57.21166229248047,"orthographic":true}