{"cameraMode":{"drawMode":0,"name":"Shaded","section":"Shading Mode"},"sceneLighting":true,"audioPlay":false,"sceneViewState":{"showFog":true,"showMaterialUpdate":false,"showSkybox":true,"showFlares":true,"showImageEffects":true,"showParticleSystems":true},"in2DMode":false,"pivot":{"x":-165.3000030517578,"y":5.5,"z":102.71046447753906},"rotation":{"x":-0.042283013463020328,"y":0.8656082153320313,"z":-0.07419737428426743,"w":-0.49349233508110049},"size":15.224414825439454,"orthographic":true}