{"cameraMode":{"drawMode":0,"name":"Shaded","section":"Shading Mode"},"sceneLighting":true,"audioPlay":false,"sceneViewState":{"showFog":true,"showMaterialUpdate":false,"showSkybox":true,"showFlares":true,"showImageEffects":true,"showParticleSystems":true},"in2DMode":false,"pivot":{"x":-152.49000549316407,"y":-0.09999990463256836,"z":38.124412536621097},"rotation":{"x":0.07381550222635269,"y":0.8831174373626709,"z":-0.14839433133602143,"w":0.43901580572128298},"size":15.425060272216797,"orthographic":true}