{"cameraMode":{"drawMode":0,"name":"Shaded","section":"Shading Mode"},"sceneLighting":false,"audioPlay":false,"sceneViewState":{"showFog":true,"showMaterialUpdate":false,"showSkybox":false,"showFlares":true,"showImageEffects":true,"showParticleSystems":true},"in2DMode":false,"pivot":{"x":0.4112067222595215,"y":-0.23661166429519654,"z":-1.895709753036499},"rotation":{"x":0.032860562205314639,"y":0.9587960839271545,"z":-0.12437509000301361,"w":0.25331300497055056},"size":8.177215576171875,"orthographic":true}