{"cameraMode":{"drawMode":0,"name":"Shaded","section":"Shading Mode"},"sceneLighting":true,"audioPlay":false,"sceneViewState":{"showFog":true,"showMaterialUpdate":false,"showSkybox":true,"showFlares":true,"showImageEffects":true,"showParticleSystems":true},"in2DMode":false,"pivot":{"x":-20.62006378173828,"y":-9.58615493774414,"z":27.206939697265626},"rotation":{"x":-0.056668173521757129,"y":0.900701642036438,"z":-0.12372272461652756,"w":-0.4127030670642853},"size":162.96932983398438,"orthographic":true}