{"cameraMode":{"drawMode":0,"name":"Shaded","section":"Shading Mode"},"sceneLighting":false,"audioPlay":false,"sceneViewState":{"showFog":true,"showMaterialUpdate":false,"showSkybox":false,"showFlares":true,"showImageEffects":true,"showParticleSystems":true},"in2DMode":false,"pivot":{"x":-31.433164596557618,"y":-5.204434394836426,"z":65.16539764404297},"rotation":{"x":-0.08387577533721924,"y":0.025684760883450509,"z":-0.0021657648030668499,"w":-0.9961650967597961},"size":0.18786287307739259,"orthographic":true}